1732185120.7045581,-29,-29.0,1.0
1732185120.8142633,-29,-29.0,1.0
1732185120.9239707,-29,-29.0,1.0
1732185121.0336776,-29,-29.0,1.0
1732185121.143348,-29,-29.0,1.0
1732185121.3644726,-29,-29.0,1.0
1732185121.4752119,-29,-29.0,1.0
1732185121.5849063,-29,-29.0,1.0
1732185121.69529,-29,-29.0,1.0
1732185121.8030918,-29,-29.0,1.0
1732185121.9127977,-29,-29.0,1.0
1732185122.1342416,-29,-29.0,1.0
1732185122.2440877,-29,-29.0,1.0
1732185122.355788,-29,-29.0,1.0
1732185122.4664965,-29,-29.0,1.0
1732185122.5771964,-29,-29.0,1.0
1732185122.686903,-29,-29.0,1.0
1732185122.9070592,-29,-29.0,1.0
1732185123.0177636,-29,-29.0,1.0
1732185123.1274703,-29,-29.0,1.0
1732185123.2372112,-29,-29.0,1.0
1732185123.3476732,-29,-29.0,1.0
1732185123.4593742,-29,-29.0,1.0
1732185123.6817796,-32,-29.0,1.0
1732185123.7925587,-32,-29.0,1.0
1732185123.90426,-32,-29.0,1.0
1732185124.0149646,-32,-29.0,1.0
1732185124.1236722,-32,-29.0,1.0
1732185124.2344117,-32,-29.0,1.0
1732185124.4568245,-32,-29.0,1.0
1732185124.568526,-32,-29.0,1.0
1732185124.6792336,-32,-29.0,1.0
1732185124.7886121,-32,-30.5,1.1885022274370185
1732185124.8993945,-32,-32.0,1.4125375446227544
1732185125.010134,-32,-32.0,1.4125375446227544
1732185125.2315412,-32,-32.0,1.4125375446227544
1732185125.3408346,-32,-32.0,1.4125375446227544
1732185125.4515388,-32,-32.0,1.4125375446227544
1732185125.5612462,-32,-32.0,1.4125375446227544
1732185125.6719856,-32,-32.0,1.4125375446227544
1732185125.782689,-32,-32.0,1.4125375446227544
1732185126.0024905,-32,-32.0,1.4125375446227544
1732185126.113195,-32,-32.0,1.4125375446227544
1732185126.2229018,-32,-32.0,1.4125375446227544
1732185126.3329089,-32,-32.0,1.4125375446227544
1732185126.441057,-32,-32.0,1.4125375446227544
1732185126.6615028,-32,-32.0,1.4125375446227544
1732185126.77121,-34,-32.0,1.4125375446227544
1732185126.8787377,-34,-32.0,1.4125375446227544
1732185126.9884083,-34,-32.0,1.4125375446227544
1732185127.0951593,-34,-32.0,1.4125375446227544
1732185127.3115811,-34,-32.0,1.4125375446227544
1732185127.4208925,-34,-32.0,1.4125375446227544
1732185127.531597,-34,-32.0,1.4125375446227544
1732185127.6413038,-34,-32.0,1.4125375446227544
1732185127.752007,-34,-32.0,1.4125375446227544
1732185127.8627157,-34,-33.0,1.5848931924611136
1732185128.0824118,-34,-34.0,1.7782794100389228
1732185128.1931124,-40,-34.0,1.7782794100389228
1732185128.30382,-40,-34.0,1.7782794100389228
1732185128.4142895,-40,-34.0,1.7782794100389228
1732185128.5219903,-40,-34.0,1.7782794100389228
1732185128.6297033,-40,-34.0,1.7782794100389228
1732185128.8521078,-40,-34.0,1.7782794100389228
1732185128.9605007,-40,-34.0,1.7782794100389228
1732185129.072238,-40,-34.0,1.7782794100389228
1732185129.1839397,-40,-34.0,1.7782794100389228
1732185129.2946436,-40,-37.0,2.51188643150958
1732185129.405347,-40,-40.0,3.548133892335755
1732185129.626624,-40,-40.0,3.548133892335755
1732185129.7363305,-40,-40.0,3.548133892335755
1732185129.848032,-40,-40.0,3.548133892335755
1732185129.957664,-40,-40.0,3.548133892335755
1732185130.0673542,-40,-40.0,3.548133892335755
1732185130.1780534,-40,-40.0,3.548133892335755
1732185130.4004602,-40,-40.0,3.548133892335755
1732185130.5104873,-40,-40.0,3.548133892335755
1732185130.6221886,-40,-40.0,3.548133892335755
1732185130.7328928,-40,-40.0,3.548133892335755
1732185130.8435965,-40,-40.0,3.548133892335755
1732185131.067096,-40,-40.0,3.548133892335755
1732185131.1748083,-40,-40.0,3.548133892335755
1732185131.2835176,-40,-40.0,3.548133892335755
1732185131.3932242,-40,-40.0,3.548133892335755
1732185131.5035355,-40,-40.0,3.548133892335755
1732185131.7217624,-40,-40.0,3.548133892335755
1732185131.828471,-40,-40.0,3.548133892335755
1732185131.939175,-40,-40.0,3.548133892335755
1732185132.0483055,-40,-40.0,3.548133892335755
1732185132.1582825,-40,-40.0,3.548133892335755
1732185132.2665062,-40,-40.0,3.548133892335755
1732185132.4827461,-40,-40.0,3.548133892335755
1732185132.5925257,-40,-40.0,3.548133892335755
1732185132.6993127,-40,-40.0,3.548133892335755
1732185132.8089461,-40,-40.0,3.548133892335755
1732185132.9206474,-40,-40.0,3.548133892335755
1732185133.029359,-40,-40.0,3.548133892335755
1732185133.24973,-40,-40.0,3.548133892335755
1732185133.36047,-40,-40.0,3.548133892335755
1732185133.4711387,-40,-40.0,3.548133892335755
1732185133.5808809,-36,-40.0,3.548133892335755
1732185133.6895914,-36,-40.0,3.548133892335755
1732185133.9111009,-36,-40.0,3.548133892335755
1732185134.0217683,-36,-40.0,3.548133892335755
1732185134.1335049,-36,-40.0,3.548133892335755
1732185134.2438838,-36,-40.0,3.548133892335755
1732185134.355389,-36,-40.0,3.548133892335755
1732185134.466093,-36,-40.0,3.548133892335755
1732185134.6865036,-36,-40.0,3.548133892335755
1732185134.7963545,-36,-38.0,2.8183829312644537
1732185134.9060986,-36,-36.0,2.2387211385683394
1732185135.0158045,-36,-36.0,2.2387211385683394
1732185135.1265118,-36,-36.0,2.2387211385683394
1732185135.3472924,-36,-36.0,2.2387211385683394
1732185135.457997,-36,-36.0,2.2387211385683394
1732185135.5687013,-36,-36.0,2.2387211385683394
1732185135.679406,-36,-36.0,2.2387211385683394
1732185135.788378,-36,-36.0,2.2387211385683394
1732185136.0102952,-36,-36.0,2.2387211385683394
1732185136.1200054,-36,-36.0,2.2387211385683394
1732185136.2307057,-36,-36.0,2.2387211385683394
1732185136.3413908,-36,-36.0,2.2387211385683394
1732185136.452095,-36,-36.0,2.2387211385683394
1732185136.670511,-36,-36.0,2.2387211385683394
1732185136.7802176,-36,-36.0,2.2387211385683394
1732185136.8892665,-36,-36.0,2.2387211385683394
1732185136.9999707,-36,-36.0,2.2387211385683394
1732185137.2203815,-36,-36.0,2.2387211385683394
1732185137.3320918,-36,-36.0,2.2387211385683394
1732185137.4416401,-36,-36.0,2.2387211385683394
1732185137.5503485,-36,-36.0,2.2387211385683394
1732185137.772754,-36,-36.0,2.2387211385683394
1732185137.8825734,-36,-36.0,2.2387211385683394
1732185137.9932775,-36,-36.0,2.2387211385683394
1732185138.1019516,-36,-36.0,2.2387211385683394
1732185138.3233962,-36,-36.0,2.2387211385683394
1732185138.433305,-36,-36.0,2.2387211385683394
1732185138.541017,-36,-36.0,2.2387211385683394
1732185138.6497266,-36,-36.0,2.2387211385683394
1732185138.7604306,-36,-36.0,2.2387211385683394
1732185138.9809294,-36,-36.0,2.2387211385683394
1732185139.0916333,-36,-36.0,2.2387211385683394
1732185139.20134,-36,-36.0,2.2387211385683394
1732185139.311075,-37,-36.0,2.2387211385683394
1732185139.4201257,-37,-36.0,2.2387211385683394
1732185139.6402743,-37,-36.0,2.2387211385683394
1732185139.7519758,-37,-36.0,2.2387211385683394
1732185139.8636777,-37,-36.0,2.2387211385683394
1732185139.9741218,-37,-36.0,2.2387211385683394
1732185140.0848258,-37,-36.0,2.2387211385683394
1732185140.304239,-37,-36.0,2.2387211385683394
1732185140.410954,-37,-36.0,2.2387211385683394
1732185140.5200145,-37,-36.5,2.371373705661655
1732185140.6307194,-37,-37.0,2.51188643150958
1732185140.849171,-37,-37.0,2.51188643150958
1732185140.9579775,-38,-37.0,2.51188643150958
1732185141.0684574,-38,-37.0,2.51188643150958
1732185141.1791618,-38,-37.0,2.51188643150958
1732185141.2898657,-38,-37.0,2.51188643150958
1732185141.50907,-38,-37.0,2.51188643150958
1732185141.6177766,-38,-37.0,2.51188643150958
1732185141.7284453,-38,-37.0,2.51188643150958
1732185141.8391843,-38,-37.0,2.51188643150958
1732185141.9498913,-38,-37.0,2.51188643150958
1732185142.1706252,-38,-37.5,2.6607250597988097
1732185142.2823265,-38,-38.0,2.8183829312644537
1732185142.3910358,-38,-38.0,2.8183829312644537
1732185142.5016544,-38,-38.0,2.8183829312644537
1732185142.6112669,-38,-38.0,2.8183829312644537
1732185142.8346548,-38,-38.0,2.8183829312644537
1732185142.9443762,-38,-38.0,2.8183829312644537
1732185143.0544732,-38,-38.0,2.8183829312644537
1732185143.1651783,-38,-38.0,2.8183829312644537
1732185143.274888,-38,-38.0,2.8183829312644537
1732185143.4962916,-38,-38.0,2.8183829312644537
1732185143.6067038,-38,-38.0,2.8183829312644537
1732185143.7164097,-38,-38.0,2.8183829312644537
1732185143.8271132,-38,-38.0,2.8183829312644537
1732185143.9368203,-38,-38.0,2.8183829312644537
1732185144.1576679,-38,-38.0,2.8183829312644537
1732185144.2693691,-38,-38.0,2.8183829312644537
1732185144.380073,-38,-38.0,2.8183829312644537
1732185144.4887824,-38,-38.0,2.8183829312644537
1732185144.7100039,-38,-38.0,2.8183829312644537
1732185144.8207078,-38,-38.0,2.8183829312644537
1732185144.9314117,-38,-38.0,2.8183829312644537
1732185145.0391238,-38,-38.0,2.8183829312644537
1732185145.259147,-38,-38.0,2.8183829312644537
1732185145.3698153,-38,-38.0,2.8183829312644537
1732185145.4815164,-38,-38.0,2.8183829312644537
1732185145.5923398,-38,-38.0,2.8183829312644537
1732185145.703673,-38,-38.0,2.8183829312644537
1732185145.9240837,-38,-38.0,2.8183829312644537
1732185146.0347872,-38,-38.0,2.8183829312644537
1732185146.1451838,-38,-38.0,2.8183829312644537
1732185146.2548904,-38,-38.0,2.8183829312644537
1732185146.475301,-38,-38.0,2.8183829312644537
1732185146.5850084,-38,-38.0,2.8183829312644537
1732185146.6947145,-38,-38.0,2.8183829312644537
1732185146.8054187,-38,-38.0,2.8183829312644537
1732185146.9161227,-38,-38.0,2.8183829312644537
1732185147.1359222,-38,-38.0,2.8183829312644537
1732185147.2465138,-38,-38.0,2.8183829312644537
1732185147.3551846,-38,-38.0,2.8183829312644537
1732185147.4659245,-38,-38.0,2.8183829312644537
1732185147.6821337,-38,-38.0,2.8183829312644537
1732185147.7938354,-38,-38.0,2.8183829312644537
1732185147.9045396,-38,-38.0,2.8183829312644537
1732185148.1269493,-38,-38.0,2.8183829312644537
1732185148.2362983,-38,-38.0,2.8183829312644537
1732185148.347003,-38,-38.0,2.8183829312644537
1732185148.457671,-38,-38.0,2.8183829312644537
1732185148.5684123,-38,-38.0,2.8183829312644537
1732185148.7882314,-38,-38.0,2.8183829312644537
1732185148.898944,-38,-38.0,2.8183829312644537
1732185149.009649,-38,-38.0,2.8183829312644537
1732185149.1203177,-38,-38.0,2.8183829312644537
1732185149.229743,-38,-38.0,2.8183829312644537
1732185149.4501476,-38,-38.0,2.8183829312644537
1732185149.559861,-38,-38.0,2.8183829312644537
1732185149.6705651,-38,-38.0,2.8183829312644537
1732185149.7799993,-38,-38.0,2.8183829312644537
1732185150.001407,-38,-38.0,2.8183829312644537
1732185150.111079,-38,-38.0,2.8183829312644537
1732185150.221818,-38,-38.0,2.8183829312644537
1732185150.3323243,-38,-38.0,2.8183829312644537
1732185150.4430285,-38,-38.0,2.8183829312644537
1732185150.6644368,-38,-38.0,2.8183829312644537
1732185150.7749813,-38,-38.0,2.8183829312644537
1732185150.884682,-38,-38.0,2.8183829312644537
1732185150.9953847,-38,-38.0,2.8183829312644537
1732185151.1030977,-38,-38.0,2.8183829312644537
1732185151.3245707,-38,-38.0,2.8183829312644537
1732185151.4353106,-40,-38.0,2.8183829312644537
1732185151.5460153,-40,-38.0,2.8183829312644537
1732185151.655687,-40,-38.0,2.8183829312644537
1732185151.7664292,-40,-38.0,2.8183829312644537
1732185151.98681,-40,-38.0,2.8183829312644537
1732185152.0965166,-40,-38.0,2.8183829312644537
1732185152.2041924,-40,-38.0,2.8183829312644537
1732185152.3141415,-40,-38.0,2.8183829312644537
1732185152.5313141,-40,-38.0,2.8183829312644537
1732185152.6410193,-40,-39.0,3.1622776601683795
1732185152.751722,-40,-40.0,3.548133892335755
1732185152.861413,-40,-40.0,3.548133892335755
1732185152.9731507,-40,-40.0,3.548133892335755
1732185153.1935604,-40,-40.0,3.548133892335755
1732185153.305263,-40,-40.0,3.548133892335755
1732185153.4163103,-40,-40.0,3.548133892335755
1732185153.5270898,-40,-40.0,3.548133892335755
1732185153.6377969,-40,-40.0,3.548133892335755
1732185153.8602297,-40,-40.0,3.548133892335755
1732185153.9709642,-40,-40.0,3.548133892335755
1732185154.0806692,-40,-40.0,3.548133892335755
1732185154.1913376,-40,-40.0,3.548133892335755
1732185154.4108584,-40,-40.0,3.548133892335755
1732185154.5205653,-40,-40.0,3.548133892335755
1732185154.631269,-40,-40.0,3.548133892335755
1732185154.740978,-40,-40.0,3.548133892335755
1732185154.8526797,-40,-40.0,3.548133892335755
1732185155.0737808,-40,-40.0,3.548133892335755
1732185155.184485,-40,-40.0,3.548133892335755
1732185155.2951899,-40,-40.0,3.548133892335755
1732185155.4053006,-40,-40.0,3.548133892335755
1732185155.6265125,-40,-40.0,3.548133892335755
1732185155.7371793,-40,-40.0,3.548133892335755
1732185155.8488822,-40,-40.0,3.548133892335755
1732185155.9589915,-40,-40.0,3.548133892335755
1732185156.1794026,-40,-40.0,3.548133892335755
1732185156.2901194,-40,-40.0,3.548133892335755
1732185156.4008143,-40,-40.0,3.548133892335755
1732185156.6199343,-40,-40.0,3.548133892335755
1732185156.7305958,-40,-40.0,3.548133892335755
1732185156.8413002,-40,-40.0,3.548133892335755
1732185156.9519014,-40,-40.0,3.548133892335755
1732185157.1713495,-40,-40.0,3.548133892335755
1732185157.2830555,-45,-40.0,3.548133892335755
1732185157.3930235,-45,-40.0,3.548133892335755
1732185157.5041869,-45,-40.0,3.548133892335755
1732185157.7210476,-45,-40.0,3.548133892335755
1732185157.8301508,-45,-40.0,3.548133892335755
1732185157.9387906,-45,-40.0,3.548133892335755
1732185158.1546605,-45,-40.0,3.548133892335755
1732185158.2620144,-45,-40.0,3.548133892335755
1732185158.3703532,-45,-40.0,3.548133892335755
1732185158.4782825,-45,-42.5,4.731512589614805
1732185158.6954675,-45,-45.0,6.309573444801933
1732185158.803118,-45,-45.0,6.309573444801933
1732185158.912153,-45,-45.0,6.309573444801933
1732185159.0219805,-45,-45.0,6.309573444801933
1732185159.2429721,-45,-45.0,6.309573444801933
1732185159.3547366,-45,-45.0,6.309573444801933
1732185159.4655561,-45,-45.0,6.309573444801933
1732185159.681692,-45,-45.0,6.309573444801933
1732185159.7908366,-45,-45.0,6.309573444801933
1732185159.899231,-45,-45.0,6.309573444801933
1732185160.007999,-45,-45.0,6.309573444801933
1732185160.224854,-45,-45.0,6.309573444801933
1732185160.3352032,-45,-45.0,6.309573444801933
1732185160.4452484,-45,-45.0,6.309573444801933
1732185160.6614883,-45,-45.0,6.309573444801933
1732185160.769542,-45,-45.0,6.309573444801933
1732185160.8783524,-45,-45.0,6.309573444801933
1732185160.9859157,-45,-45.0,6.309573444801933
1732185161.2030113,-45,-45.0,6.309573444801933
1732185161.3124137,-45,-45.0,6.309573444801933
1732185161.4205737,-45,-45.0,6.309573444801933
1732185161.63757,-45,-45.0,6.309573444801933
1732185161.7465901,-45,-45.0,6.309573444801933
1732185161.8543737,-45,-45.0,6.309573444801933
1732185161.9622052,-45,-45.0,6.309573444801933
1732185162.1770678,-45,-45.0,6.309573444801933
1732185162.28557,-45,-45.0,6.309573444801933
1732185162.3946767,-45,-45.0,6.309573444801933
1732185162.6125677,-45,-45.0,6.309573444801933
1732185162.721691,-45,-45.0,6.309573444801933
1732185162.8306017,-45,-45.0,6.309573444801933
1732185162.9400434,-45,-45.0,6.309573444801933
1732185163.156117,-45,-45.0,6.309573444801933
1732185163.2646775,-45,-45.0,6.309573444801933
1732185163.3736172,-45,-45.0,6.309573444801933
1732185163.5907955,-45,-45.0,6.309573444801933
1732185163.701024,-45,-45.0,6.309573444801933
1732185163.8103633,-45,-45.0,6.309573444801933
1732185163.920754,-45,-45.0,6.309573444801933
1732185164.1408281,-45,-45.0,6.309573444801933
1732185164.3566594,-45,-45.0,6.309573444801933
1732185164.4662087,-45,-45.0,6.309573444801933
1732185164.6814952,-44,-45.0,6.309573444801933
1732185164.791002,-44,-45.0,6.309573444801933
1732185164.8997557,-44,-45.0,6.309573444801933
1732185165.006581,-44,-45.0,6.309573444801933
1732185165.2237308,-44,-45.0,6.309573444801933
1732185165.33259,-44,-45.0,6.309573444801933
1732185165.4409714,-44,-45.0,6.309573444801933
1732185165.6570067,-44,-45.0,6.309573444801933
1732185165.766214,-43,-45.0,6.309573444801933
1732185165.8747325,-43,-44.5,5.956621435290105
1732185165.9837859,-43,-44.0,5.623413251903491
1732185166.1993284,-43,-44.0,5.623413251903491
1732185166.307729,-43,-44.0,5.623413251903491
1732185166.4152882,-43,-44.0,5.623413251903491
1732185166.6311314,-43,-44.0,5.623413251903491
1732185166.7399108,-43,-44.0,5.623413251903491
1732185166.8474,-43,-44.0,5.623413251903491
1732185166.9559836,-43,-43.5,5.3088444423098835
1732185167.1730053,-43,-43.0,5.011872336272722
1732185167.2819803,-43,-43.0,5.011872336272722
1732185167.3908017,-43,-43.0,5.011872336272722
1732185167.6075113,-43,-43.0,5.011872336272722
1732185167.716984,-43,-43.0,5.011872336272722
1732185167.8246524,-43,-43.0,5.011872336272722
1732185167.9338973,-43,-43.0,5.011872336272722
1732185168.1490772,-43,-43.0,5.011872336272722
1732185168.2579665,-43,-43.0,5.011872336272722
1732185168.3674474,-43,-43.0,5.011872336272722
1732185168.4763203,-50,-43.0,5.011872336272722
1732185168.692539,-50,-43.0,5.011872336272722
1732185168.8024633,-50,-43.0,5.011872336272722
1732185168.9087815,-50,-43.0,5.011872336272722
1732185169.1258683,-50,-43.0,5.011872336272722
1732185169.2318387,-50,-43.0,5.011872336272722
1732185169.3396378,-50,-43.0,5.011872336272722
1732185169.4473944,-50,-43.0,5.011872336272722
1732185169.6627696,-50,-43.0,5.011872336272722
1732185169.7708755,-50,-46.5,7.498942093324558
1732185169.8783934,-50,-50.0,11.220184543019636
1732185170.0948863,-50,-50.0,11.220184543019636
1732185170.2032971,-50,-50.0,11.220184543019636
1732185170.3123403,-50,-50.0,11.220184543019636
1732185170.419265,-50,-50.0,11.220184543019636
1732185170.6356108,-50,-50.0,11.220184543019636
1732185170.7424853,-50,-50.0,11.220184543019636
1732185170.851581,-50,-50.0,11.220184543019636
1732185171.0722747,-44,-50.0,11.220184543019636
1732185171.1795707,-44,-50.0,11.220184543019636
1732185171.2880828,-44,-50.0,11.220184543019636
1732185171.3961842,-44,-50.0,11.220184543019636
1732185171.612254,-44,-50.0,11.220184543019636
1732185171.7211068,-44,-50.0,11.220184543019636
1732185171.8292384,-44,-50.0,11.220184543019636
1732185171.9378214,-44,-50.0,11.220184543019636
1732185172.1552558,-44,-50.0,11.220184543019636
1732185172.2642918,-44,-47.0,7.943282347242816
1732185172.3720727,-44,-44.0,5.623413251903491
1732185172.5881855,-44,-44.0,5.623413251903491
1732185172.6966596,-44,-44.0,5.623413251903491
1732185172.8048358,-44,-44.0,5.623413251903491
1732185172.9136438,-44,-44.0,5.623413251903491
1732185173.1316097,-44,-44.0,5.623413251903491
1732185173.2396734,-44,-44.0,5.623413251903491
1732185173.3495505,-44,-44.0,5.623413251903491
1732185173.5666437,-44,-44.0,5.623413251903491
1732185173.6734164,-44,-44.0,5.623413251903491
1732185173.7816186,-44,-44.0,5.623413251903491
1732185173.8904288,-44,-44.0,5.623413251903491
1732185174.1072998,-44,-44.0,5.623413251903491
1732185174.2156165,-44,-44.0,5.623413251903491
1732185174.3234901,-44,-44.0,5.623413251903491
1732185174.4329593,-44,-44.0,5.623413251903491
1732185174.6486876,-44,-44.0,5.623413251903491
1732185174.7567394,-44,-44.0,5.623413251903491
1732185174.8654845,-44,-44.0,5.623413251903491
1732185175.0838287,-44,-44.0,5.623413251903491
1732185175.1907113,-44,-44.0,5.623413251903491
1732185175.2991965,-44,-44.0,5.623413251903491
1732185175.4093733,-44,-44.0,5.623413251903491
1732185175.6252573,-44,-44.0,5.623413251903491
1732185175.7341232,-44,-44.0,5.623413251903491
1732185175.8433504,-44,-44.0,5.623413251903491
1732185176.0599332,-44,-44.0,5.623413251903491
1732185176.1664302,-44,-44.0,5.623413251903491
1732185176.2748532,-44,-44.0,5.623413251903491
1732185176.3847504,-44,-44.0,5.623413251903491
1732185176.6019442,-44,-44.0,5.623413251903491
1732185176.7101617,-44,-44.0,5.623413251903491
1732185176.8192132,-44,-44.0,5.623413251903491
1732185177.035029,-44,-44.0,5.623413251903491
1732185177.1440814,-44,-44.0,5.623413251903491
1732185177.2519205,-44,-44.0,5.623413251903491
1732185177.359749,-44,-44.0,5.623413251903491
1732185177.5777473,-44,-44.0,5.623413251903491
1732185177.687206,-44,-44.0,5.623413251903491
1732185177.7972004,-44,-44.0,5.623413251903491
1732185178.01447,-44,-44.0,5.623413251903491
1732185178.1241992,-44,-44.0,5.623413251903491
1732185178.232595,-44,-44.0,5.623413251903491
1732185178.3425384,-44,-44.0,5.623413251903491
1732185178.5601902,-44,-44.0,5.623413251903491
1732185178.6672788,-44,-44.0,5.623413251903491
1732185178.776441,-44,-44.0,5.623413251903491
1732185178.992419,-44,-44.0,5.623413251903491
1732185179.1007216,-44,-44.0,5.623413251903491
1732185179.209222,-44,-44.0,5.623413251903491
1732185179.3166118,-44,-44.0,5.623413251903491
1732185179.5326912,-44,-44.0,5.623413251903491
1732185179.6422372,-44,-44.0,5.623413251903491
1732185179.751145,-44,-44.0,5.623413251903491
1732185179.9670525,-44,-44.0,5.623413251903491
1732185180.0761755,-46,-44.0,5.623413251903491
1732185180.1853156,-46,-44.0,5.623413251903491
1732185180.2944205,-46,-44.0,5.623413251903491
1732185180.5116653,-46,-44.0,5.623413251903491
1732185180.6207216,-46,-44.0,5.623413251903491
1732185180.729873,-46,-44.0,5.623413251903491
1732185180.837951,-46,-44.0,5.623413251903491
1732185181.054971,-46,-44.0,5.623413251903491
1732185181.1639569,-46,-44.0,5.623413251903491
1732185181.2725966,-46,-45.0,6.309573444801933
1732185181.490895,-46,-46.0,7.079457843841379
1732185181.6004164,-46,-46.0,7.079457843841379
1732185181.708502,-46,-46.0,7.079457843841379
1732185182.0333993,-46,-46.0,7.079457843841379
1732185182.1415663,-46,-46.0,7.079457843841379
1732185182.2511823,-46,-46.0,7.079457843841379
1732185182.4691875,-46,-46.0,7.079457843841379
1732185182.577358,-46,-46.0,7.079457843841379
1732185182.6863997,-46,-46.0,7.079457843841379
1732185182.7955565,-46,-46.0,7.079457843841379
1732185183.0140038,-46,-46.0,7.079457843841379
1732185183.12474,-46,-46.0,7.079457843841379
1732185183.2333107,-46,-46.0,7.079457843841379
1732185183.450151,-46,-46.0,7.079457843841379
1732185183.5597873,-46,-46.0,7.079457843841379
1732185183.6669898,-46,-46.0,7.079457843841379
1732185183.7757685,-46,-46.0,7.079457843841379
1732185183.9932792,-45,-46.0,7.079457843841379
1732185184.101226,-45,-46.0,7.079457843841379
1732185184.2087393,-45,-46.0,7.079457843841379
1732185184.425445,-45,-46.0,7.079457843841379
1732185184.5340981,-45,-46.0,7.079457843841379
1732185184.6439235,-45,-46.0,7.079457843841379
1732185184.7512243,-45,-46.0,7.079457843841379
1732185184.9687324,-45,-46.0,7.079457843841379
1732185185.07759,-45,-46.0,7.079457843841379
1732185185.1866534,-45,-45.5,6.6834391756861455
1732185185.4040096,-45,-45.0,6.309573444801933
1732185185.5131037,-45,-45.0,6.309573444801933
1732185185.6219819,-45,-45.0,6.309573444801933
1732185185.7303379,-45,-45.0,6.309573444801933
1732185185.9485695,-45,-45.0,6.309573444801933
1732185186.057251,-45,-45.0,6.309573444801933
1732185186.16509,-45,-45.0,6.309573444801933
1732185186.3821056,-45,-45.0,6.309573444801933
1732185186.490733,-45,-45.0,6.309573444801933
1732185186.5988188,-45,-45.0,6.309573444801933
1732185186.707533,-45,-45.0,6.309573444801933
1732185186.9224083,-45,-45.0,6.309573444801933
1732185187.0309782,-45,-45.0,6.309573444801933
1732185187.1401742,-45,-45.0,6.309573444801933
1732185187.357534,-45,-45.0,6.309573444801933
1732185187.4661443,-45,-45.0,6.309573444801933
1732185187.5730276,-45,-45.0,6.309573444801933
1732185187.6825485,-45,-45.0,6.309573444801933
1732185187.9002247,-45,-45.0,6.309573444801933
1732185188.009503,-45,-45.0,6.309573444801933
1732185188.1173038,-45,-45.0,6.309573444801933
1732185188.3340545,-45,-45.0,6.309573444801933
1732185188.443252,-45,-45.0,6.309573444801933
1732185188.5523438,-45,-45.0,6.309573444801933
1732185188.660795,-45,-45.0,6.309573444801933
1732185188.8786442,-45,-45.0,6.309573444801933
1732185188.9863217,-45,-45.0,6.309573444801933
1732185189.0936675,-45,-45.0,6.309573444801933
1732185189.312094,-45,-45.0,6.309573444801933
1732185189.4212286,-45,-45.0,6.309573444801933
1732185189.5292218,-45,-45.0,6.309573444801933
1732185189.6393034,-45,-45.0,6.309573444801933
1732185189.8563192,-45,-45.0,6.309573444801933
1732185189.9655545,-45,-45.0,6.309573444801933
1732185190.073977,-45,-45.0,6.309573444801933
1732185190.2895696,-45,-45.0,6.309573444801933
1732185190.3997228,-45,-45.0,6.309573444801933
1732185190.5086248,-45,-45.0,6.309573444801933
1732185190.6163943,-45,-45.0,6.309573444801933
1732185190.8332117,-45,-45.0,6.309573444801933
1732185190.940466,-45,-45.0,6.309573444801933
1732185191.0491781,-45,-45.0,6.309573444801933
1732185191.157503,-45,-45.0,6.309573444801933
1732185191.375878,-45,-45.0,6.309573444801933
1732185191.4853952,-45,-45.0,6.309573444801933
1732185191.5935245,-45,-45.0,6.309573444801933
1732185191.8113256,-45,-45.0,6.309573444801933
1732185191.9195702,-45,-45.0,6.309573444801933
1732185192.0273557,-45,-45.0,6.309573444801933
1732185192.135799,-45,-45.0,6.309573444801933
1732185192.352716,-45,-45.0,6.309573444801933
1732185192.4607046,-45,-45.0,6.309573444801933
1732185192.5688474,-45,-45.0,6.309573444801933
1732185192.7842677,-45,-45.0,6.309573444801933
1732185192.893116,-45,-45.0,6.309573444801933
1732185193.001589,-45,-45.0,6.309573444801933
1732185193.1084573,-45,-45.0,6.309573444801933
1732185193.3259258,-45,-45.0,6.309573444801933
1732185193.4347417,-45,-45.0,6.309573444801933
1732185193.5437293,-45,-45.0,6.309573444801933
1732185193.7611246,-45,-45.0,6.309573444801933
1732185193.8700273,-45,-45.0,6.309573444801933
1732185193.978831,-45,-45.0,6.309573444801933
1732185194.0874119,-45,-45.0,6.309573444801933
1732185194.3030396,-45,-45.0,6.309573444801933
1732185194.410836,-42,-45.0,6.309573444801933
1732185194.5191693,-42,-45.0,6.309573444801933
1732185194.7373784,-42,-45.0,6.309573444801933
1732185194.846136,-42,-45.0,6.309573444801933
1732185194.9540076,-42,-45.0,6.309573444801933
1732185195.0628114,-42,-45.0,6.309573444801933
1732185195.2786155,-42,-45.0,6.309573444801933
1732185195.3892891,-42,-45.0,6.309573444801933
1732185195.4984698,-42,-45.0,6.309573444801933
1732185195.7148423,-42,-43.5,5.3088444423098835
1732185195.8223548,-42,-42.0,4.466835921509632
1732185195.9304044,-42,-42.0,4.466835921509632
1732185196.0382817,-42,-42.0,4.466835921509632
1732185196.2558959,-42,-42.0,4.466835921509632
1732185196.3645077,-42,-42.0,4.466835921509632
1732185196.4736285,-42,-42.0,4.466835921509632
1732185196.6891959,-42,-42.0,4.466835921509632
1732185196.7987473,-42,-42.0,4.466835921509632
1732185196.908224,-42,-42.0,4.466835921509632
1732185197.0161963,-42,-42.0,4.466835921509632
1732185197.234255,-42,-42.0,4.466835921509632
1732185197.3426766,-42,-42.0,4.466835921509632
1732185197.4504495,-42,-42.0,4.466835921509632
1732185197.6675212,-42,-42.0,4.466835921509632
1732185197.7766867,-42,-42.0,4.466835921509632
1732185197.8853722,-42,-42.0,4.466835921509632
1732185198.1009302,-42,-42.0,4.466835921509632
1732185198.2094874,-42,-42.0,4.466835921509632
1732185198.317371,-42,-42.0,4.466835921509632
1732185198.4269843,-42,-42.0,4.466835921509632
1732185198.6433682,-42,-42.0,4.466835921509632
1732185198.7522078,-42,-42.0,4.466835921509632
1732185198.860325,-42,-42.0,4.466835921509632
1732185198.9690385,-42,-42.0,4.466835921509632
1732185199.1841023,-42,-42.0,4.466835921509632
1732185199.292806,-42,-42.0,4.466835921509632
1732185199.4019547,-42,-42.0,4.466835921509632
1732185199.6182947,-42,-42.0,4.466835921509632
1732185199.7281106,-43,-42.0,4.466835921509632
1732185199.8371356,-43,-42.0,4.466835921509632
1732185199.9452598,-43,-42.0,4.466835921509632
1732185200.161971,-43,-42.0,4.466835921509632
1732185200.2712827,-43,-42.0,4.466835921509632
1732185200.3798666,-43,-42.0,4.466835921509632
1732185200.597786,-43,-42.0,4.466835921509632
1732185200.7069697,-43,-42.0,4.466835921509632
1732185200.8158152,-43,-42.0,4.466835921509632
1732185200.9251218,-43,-42.5,4.731512589614805
1732185201.1430552,-43,-43.0,5.011872336272722
1732185201.2512074,-43,-43.0,5.011872336272722
1732185201.3610892,-43,-43.0,5.011872336272722
1732185201.5773125,-43,-43.0,5.011872336272722
1732185201.686399,-43,-43.0,5.011872336272722
1732185201.7946804,-43,-43.0,5.011872336272722
1732185201.9032722,-43,-43.0,5.011872336272722
1732185202.120327,-43,-43.0,5.011872336272722
1732185202.2268224,-43,-43.0,5.011872336272722
1732185202.3354082,-43,-43.0,5.011872336272722
1732185202.5538049,-49,-43.0,5.011872336272722
1732185202.660703,-49,-43.0,5.011872336272722
1732185202.7673225,-49,-43.0,5.011872336272722
1732185202.8769228,-49,-43.0,5.011872336272722
1732185203.0945828,-49,-43.0,5.011872336272722
1732185203.203693,-49,-43.0,5.011872336272722
1732185203.3111393,-49,-43.0,5.011872336272722
1732185203.5280333,-49,-43.0,5.011872336272722
1732185203.6371953,-49,-43.0,5.011872336272722
1732185203.7472022,-49,-46.0,7.079457843841379
1732185203.8573422,-49,-49.0,10.0
1732185204.0733914,-49,-49.0,10.0
1732185204.1824756,-49,-49.0,10.0
1732185204.2913272,-49,-49.0,10.0
1732185204.5081642,-49,-49.0,10.0
1732185204.6186953,-50,-49.0,10.0
1732185204.7296762,-50,-49.0,10.0
1732185204.8385472,-50,-49.0,10.0
1732185205.0559027,-50,-49.0,10.0
1732185205.1657338,-50,-49.0,10.0
1732185205.2729084,-50,-49.0,10.0
1732185205.4891088,-50,-49.0,10.0
1732185205.5984266,-50,-49.0,10.0
1732185205.7061777,-50,-49.0,10.0
1732185205.8150604,-50,-49.5,10.592537251772887
1732185206.0319524,-50,-50.0,11.220184543019636
1732185206.1403823,-50,-50.0,11.220184543019636
1732185206.248629,-50,-50.0,11.220184543019636
1732185206.4637735,-50,-50.0,11.220184543019636
1732185206.5712543,-50,-50.0,11.220184543019636
1732185206.6795926,-50,-50.0,11.220184543019636
1732185206.7881231,-50,-50.0,11.220184543019636
1732185207.0054238,-50,-50.0,11.220184543019636
1732185207.1152873,-50,-50.0,11.220184543019636
1732185207.2223256,-50,-50.0,11.220184543019636
1732185207.4381607,-50,-50.0,11.220184543019636
1732185207.5468636,-50,-50.0,11.220184543019636
1732185207.6549714,-50,-50.0,11.220184543019636
1732185207.762627,-50,-50.0,11.220184543019636
1732185207.9791923,-50,-50.0,11.220184543019636
1732185208.0880017,-50,-50.0,11.220184543019636
1732185208.197044,-50,-50.0,11.220184543019636
1732185208.4151444,-50,-50.0,11.220184543019636
1732185208.5245867,-50,-50.0,11.220184543019636
1732185208.634418,-50,-50.0,11.220184543019636
1732185208.7443569,-50,-50.0,11.220184543019636
1732185208.9622576,-50,-50.0,11.220184543019636
1732185209.0710864,-50,-50.0,11.220184543019636
1732185209.179841,-50,-50.0,11.220184543019636
1732185209.3971984,-50,-50.0,11.220184543019636
1732185209.5067687,-50,-50.0,11.220184543019636
1732185209.6153698,-50,-50.0,11.220184543019636
1732185209.7236698,-50,-50.0,11.220184543019636
1732185209.9411595,-50,-50.0,11.220184543019636
1732185210.0498161,-50,-50.0,11.220184543019636
1732185210.1589487,-50,-50.0,11.220184543019636
1732185210.3771837,-50,-50.0,11.220184543019636
1732185210.4861588,-50,-50.0,11.220184543019636
1732185210.5947332,-50,-50.0,11.220184543019636
1732185210.704557,-50,-50.0,11.220184543019636
1732185210.92212,-50,-50.0,11.220184543019636
1732185211.0312774,-50,-50.0,11.220184543019636
1732185211.138592,-50,-50.0,11.220184543019636
1732185211.3556836,-50,-50.0,11.220184543019636
1732185211.4642875,-50,-50.0,11.220184543019636
1732185211.5716567,-50,-50.0,11.220184543019636
1732185211.6808069,-50,-50.0,11.220184543019636
1732185211.8985925,-50,-50.0,11.220184543019636
1732185212.0071826,-50,-50.0,11.220184543019636
1732185212.1144147,-50,-50.0,11.220184543019636
1732185212.332081,-50,-50.0,11.220184543019636
1732185212.4402218,-50,-50.0,11.220184543019636
1732185212.5476444,-50,-50.0,11.220184543019636
1732185212.6550815,-50,-50.0,11.220184543019636
1732185212.8707693,-50,-50.0,11.220184543019636
1732185212.9792092,-50,-50.0,11.220184543019636
1732185213.0868442,-50,-50.0,11.220184543019636
1732185213.303464,-50,-50.0,11.220184543019636
1732185213.412645,-50,-50.0,11.220184543019636
1732185213.5203636,-50,-50.0,11.220184543019636
1732185213.6278272,-50,-50.0,11.220184543019636
1732185213.8443758,-50,-50.0,11.220184543019636
1732185213.9517972,-50,-50.0,11.220184543019636
1732185214.0601244,-50,-50.0,11.220184543019636
1732185214.2765052,-50,-50.0,11.220184543019636
1732185214.3846233,-50,-50.0,11.220184543019636
1732185214.4932516,-50,-50.0,11.220184543019636
1732185214.6026366,-50,-50.0,11.220184543019636
1732185214.8200893,-50,-50.0,11.220184543019636
1732185214.9281292,-50,-50.0,11.220184543019636
1732185215.0372355,-50,-50.0,11.220184543019636
1732185215.254246,-50,-50.0,11.220184543019636
1732185215.3620307,-50,-50.0,11.220184543019636
1732185215.4699793,-50,-50.0,11.220184543019636
1732185215.576808,-50,-50.0,11.220184543019636
1732185215.7928872,-50,-50.0,11.220184543019636
1732185215.9003725,-50,-50.0,11.220184543019636
1732185216.0090806,-50,-50.0,11.220184543019636
1732185216.227749,-50,-50.0,11.220184543019636
1732185216.337451,-50,-50.0,11.220184543019636
1732185216.4460812,-50,-50.0,11.220184543019636
1732185216.55421,-50,-50.0,11.220184543019636
1732185216.7732852,-50,-50.0,11.220184543019636
1732185216.8819811,-50,-50.0,11.220184543019636
1732185216.9893026,-50,-50.0,11.220184543019636
1732185217.2064395,-50,-50.0,11.220184543019636
1732185217.3157227,-50,-50.0,11.220184543019636
1732185217.4241674,-50,-50.0,11.220184543019636
1732185217.5328803,-50,-50.0,11.220184543019636
1732185217.7494123,-50,-50.0,11.220184543019636
1732185217.8574574,-50,-50.0,11.220184543019636
1732185217.9660032,-50,-50.0,11.220184543019636
1732185218.1823387,-50,-50.0,11.220184543019636
1732185218.290704,-50,-50.0,11.220184543019636
1732185218.3985462,-50,-50.0,11.220184543019636
1732185218.507503,-50,-50.0,11.220184543019636
1732185218.7237532,-50,-50.0,11.220184543019636
1732185218.830455,-50,-50.0,11.220184543019636
1732185218.938369,-50,-50.0,11.220184543019636
1732185219.153918,-50,-50.0,11.220184543019636
1732185219.2624397,-50,-50.0,11.220184543019636
1732185219.372342,-50,-50.0,11.220184543019636
1732185219.481269,-50,-50.0,11.220184543019636
1732185219.6970334,-50,-50.0,11.220184543019636
1732185219.8063464,-50,-50.0,11.220184543019636
1732185219.9150274,-50,-50.0,11.220184543019636
1732185220.1331909,-50,-50.0,11.220184543019636
1732185220.241529,-50,-50.0,11.220184543019636
1732185220.351489,-50,-50.0,11.220184543019636
1732185220.4617329,-50,-50.0,11.220184543019636
1732185220.6774864,-51,-50.0,11.220184543019636
1732185220.7870812,-51,-50.0,11.220184543019636
1732185220.8962061,-51,-50.0,11.220184543019636
1732185221.1129155,-51,-50.0,11.220184543019636
1732185221.2215161,-51,-50.0,11.220184543019636
1732185221.329829,-51,-50.0,11.220184543019636
1732185221.4384177,-51,-50.0,11.220184543019636
1732185221.6555064,-51,-50.0,11.220184543019636
1732185221.7637668,-51,-50.0,11.220184543019636
1732185221.8723178,-51,-50.5,11.885022274370183
1732185222.0903027,-51,-51.0,12.589254117941675
1732185222.1989517,-51,-51.0,12.589254117941675
